Uuid,Void/Retire,Short name:en,Fully specified name:en,Fully specified name:fr,Data class,Data Type,Answers,Members,_version:1,_order:500
,,,"Tooth 11 (FDI), permanent upper right central incisor",,Anatomy,N/A,,,,
,,,"Tooth 12 (FDI), permanent upper right lateral incisor",,Anatomy,N/A,,,,
,,,"Tooth 13 (FDI), permanent upper right canine",,Anatomy,N/A,,,,
,,,"Tooth 14 (FDI), permanent upper right first premolar",,Anatomy,N/A,,,,
,,,"Tooth 15 (FDI), permanent upper right second premolar",,Anatomy,N/A,,,,
,,,"Tooth 16 (FDI), permanent upper right first molar",,Anatomy,N/A,,,,
,,,"Tooth 17 (FDI), permanent upper right second molar",,Anatomy,N/A,,,,
,,,"Tooth 18 (FDI), permanent upper right third molar",,Anatomy,N/A,,,,
,,,"Tooth 21 (FDI), permanent upper left central incisor",,Anatomy,N/A,,,,
,,,"Tooth 22 (FDI), permanent upper left lateral incisor",,Anatomy,N/A,,,,
,,,"Tooth 23 (FDI), permanent upper left canine",,Anatomy,N/A,,,,
,,,"Tooth 24 (FDI), permanent upper left first premolar",,Anatomy,N/A,,,,
,,,"Tooth 25 (FDI), permanent upper left second premolar",,Anatomy,N/A,,,,
,,,"Tooth 26 (FDI), permanent upper left first molar",,Anatomy,N/A,,,,
,,,"Tooth 27 (FDI), permanent upper left second molar",,Anatomy,N/A,,,,
,,,"Tooth 28 (FDI), permanent upper left third molar",,Anatomy,N/A,,,,
,,,"Tooth 31 (FDI), permanent lower left central incisor",,Anatomy,N/A,,,,
,,,"Tooth 32 (FDI), permanent lower left lateral incisor",,Anatomy,N/A,,,,
,,,"Tooth 33 (FDI), permanent lower left canine",,Anatomy,N/A,,,,
,,,"Tooth 34 (FDI), permanent lower left first premolar",,Anatomy,N/A,,,,
,,,"Tooth 35 (FDI), permanent lower left second premolar",,Anatomy,N/A,,,,
,,,"Tooth 36 (FDI), permanent lower left first molar",,Anatomy,N/A,,,,
,,,"Tooth 37 (FDI), permanent lower left second molar",,Anatomy,N/A,,,,
,,,"Tooth 38 (FDI), permanent lower left third molar",,Anatomy,N/A,,,,
,,,"Tooth 41 (FDI), permanent lower right central incisor",,Anatomy,N/A,,,,
,,,"Tooth 42 (FDI), permanent lower right lateral incisor",,Anatomy,N/A,,,,
,,,"Tooth 43 (FDI), permanent lower right canine",,Anatomy,N/A,,,,
,,,"Tooth 44 (FDI), permanent lower right first premolar",,Anatomy,N/A,,,,
,,,"Tooth 45 (FDI), permanent lower right second premolar",,Anatomy,N/A,,,,
,,,"Tooth 46 (FDI), permanent lower right first molar",,Anatomy,N/A,,,,
,,,"Tooth 47 (FDI), permanent lower right second molar",,Anatomy,N/A,,,,
,,,"Tooth 48 (FDI), permanent lower right third molar",,Anatomy,N/A,,,,
,,,"Tooth 51 (FDI), primary upper right central incisor",,Anatomy,N/A,,,,
,,,"Tooth 52 (FDI), primary upper right lateral incisor",,Anatomy,N/A,,,,
,,,"Tooth 53 (FDI), primary upper right canine",,Anatomy,N/A,,,,
,,,"Tooth 54 (FDI), primary upper right first molar",,Anatomy,N/A,,,,
,,,"Tooth 55 (FDI), primary upper right second molar",,Anatomy,N/A,,,,
,,,"Tooth 61 (FDI), primary upper left central incisor",,Anatomy,N/A,,,,
,,,"Tooth 62 (FDI), primary upper left lateral incisor",,Anatomy,N/A,,,,
,,,"Tooth 63 (FDI), primary upper left canine",,Anatomy,N/A,,,,
,,,"Tooth 64 (FDI), primary upper left first molar",,Anatomy,N/A,,,,
,,,"Tooth 65 (FDI), primary upper left second molar",,Anatomy,N/A,,,,
,,,"Tooth 71 (FDI), primary lower left central incisor",,Anatomy,N/A,,,,
,,,"Tooth 72 (FDI), primary lower left lateral incisor",,Anatomy,N/A,,,,
,,,"Tooth 73 (FDI), primary lower left canine",,Anatomy,N/A,,,,
,,,"Tooth 74 (FDI), primary lower left first molar",,Anatomy,N/A,,,,
,,,"Tooth 75 (FDI), primary lower left second molar",,Anatomy,N/A,,,,
,,,"Tooth 81 (FDI), primary lower right central incisor",,Anatomy,N/A,,,,
,,,"Tooth 82 (FDI), primary lower right lateral incisor",,Anatomy,N/A,,,,
,,,"Tooth 83 (FDI), primary lower right canine",,Anatomy,N/A,,,,
,,,"Tooth 84 (FDI), primary lower right first molar",,Anatomy,N/A,,,,
,,,"Tooth 85 (FDI), primary lower right second molar",,Anatomy,N/A,,,,
,,,RCT (dental procedure),,Procedure,N/A,,,,
,,,Extraction (dental procedure),,Procedure,N/A,,,,
,,,Filling (dental procedure),,Procedure,N/A,,,,
,,,Scaling (dental procedure),,Procedure,N/A,,,,
,,,Crown (dental procedure),,Procedure,N/A,,,,
,,,Intracanal dressing (dental procedure),,Procedure,N/A,,,,
,,,Pulpotomy (dental procedure),,Procedure,N/A,,,,
,,,Fissure sealant (dental procedure),,Procedure,N/A,,,,
,,,IOPA X-ray (dental procedure),,Procedure,N/A,,,,
,,,Crown replacement (dental procedure),,Procedure,N/A,,,,
,,,Mesial tooth surface,,Anatomy,N/A,,,,
,,,Occlusal or incisal tooth surface,,Anatomy,N/A,,,,
,,,Distal tooth surface,,Anatomy,N/A,,,,
,,,Buccal or labial tooth surface,,Anatomy,N/A,,,,
,,,Lingual or palatal tooth surface,,Anatomy,N/A,,,,
,,,Dental chart tooth (FDI),,Question,Coded,"Tooth 11 (FDI), permanent upper right central incisor;Tooth 12 (FDI), permanent upper right lateral incisor;Tooth 13 (FDI), permanent upper right canine;Tooth 14 (FDI), permanent upper right first premolar;Tooth 15 (FDI), permanent upper right second premolar;Tooth 16 (FDI), permanent upper right first molar;Tooth 17 (FDI), permanent upper right second molar;Tooth 18 (FDI), permanent upper right third molar;Tooth 21 (FDI), permanent upper left central incisor;Tooth 22 (FDI), permanent upper left lateral incisor;Tooth 23 (FDI), permanent upper left canine;Tooth 24 (FDI), permanent upper left first premolar;Tooth 25 (FDI), permanent upper left second premolar;Tooth 26 (FDI), permanent upper left first molar;Tooth 27 (FDI), permanent upper left second molar;Tooth 28 (FDI), permanent upper left third molar;Tooth 31 (FDI), permanent lower left central incisor;Tooth 32 (FDI), permanent lower left lateral incisor;Tooth 33 (FDI), permanent lower left canine;Tooth 34 (FDI), permanent lower left first premolar;Tooth 35 (FDI), permanent lower left second premolar;Tooth 36 (FDI), permanent lower left first molar;Tooth 37 (FDI), permanent lower left second molar;Tooth 38 (FDI), permanent lower left third molar;Tooth 41 (FDI), permanent lower right central incisor;Tooth 42 (FDI), permanent lower right lateral incisor;Tooth 43 (FDI), permanent lower right canine;Tooth 44 (FDI), permanent lower right first premolar;Tooth 45 (FDI), permanent lower right second premolar;Tooth 46 (FDI), permanent lower right first molar;Tooth 47 (FDI), permanent lower right second molar;Tooth 48 (FDI), permanent lower right third molar;Tooth 51 (FDI), primary upper right central incisor;Tooth 52 (FDI), primary upper right lateral incisor;Tooth 53 (FDI), primary upper right canine;Tooth 54 (FDI), primary upper right first molar;Tooth 55 (FDI), primary upper right second molar;Tooth 61 (FDI), primary upper left central incisor;Tooth 62 (FDI), primary upper left lateral incisor;Tooth 63 (FDI), primary upper left canine;Tooth 64 (FDI), primary upper left first molar;Tooth 65 (FDI), primary upper left second molar;Tooth 71 (FDI), primary lower left central incisor;Tooth 72 (FDI), primary lower left lateral incisor;Tooth 73 (FDI), primary lower left canine;Tooth 74 (FDI), primary lower left first molar;Tooth 75 (FDI), primary lower left second molar;Tooth 81 (FDI), primary lower right central incisor;Tooth 82 (FDI), primary lower right lateral incisor;Tooth 83 (FDI), primary lower right canine;Tooth 84 (FDI), primary lower right first molar;Tooth 85 (FDI), primary lower right second molar;",,,
